<?xml version="1.0"?>
<Page Version="4000" TimeStamp="2024-07-18 10:30:04">
	<Location top="30" left="30" bottom="540" right="600" />
	<PageEditSize Type="Inherited">
		<Size Width="600" Height="540" />
	</PageEditSize>
	<ProjectUUID>48F21F1F-E5E2-469D-BE4F-604D6946C1DF</ProjectUUID>
	<Title>"[Data Page] Seq"</Title>
	<ResizeData>
		<MainArea Line="FixedFromRight" Value="81">
			<LeftArea Line="FixedFromTop" Value="80" />
			<RightArea Line="FixedFromTop" Value="35">
				<BottomArea Line="FixedFromBottom" Value="106" />
			</RightArea>
		</MainArea>
	</ResizeData>
	<Background Inherited="true" />
	<PageObject Type="Button">
		<Location top="10" left="520" bottom="35" right="590" />
		<TabOrder>1</TabOrder>
		<LeaveOnEnter>false</LeaveOnEnter>
		<ButtonType>Text</ButtonType>
		<Title>"Close"</Title>
		<Font GUID="00000000-0000-0000-0000-000000000001" Name="Main Font" />
		<ActionSequence>
			<Action Type="ClosePage" />
		</ActionSequence>
	</PageObject>
	<PageObject Type="Button">
		<Location top="435" left="520" bottom="460" right="590" />
		<TabOrder>2</TabOrder>
		<LeaveOnEnter>false</LeaveOnEnter>
		<ButtonType>Text</ButtonType>
		<Title>"Undo"</Title>
		<Font GUID="00000000-0000-0000-0000-000000000001" Name="Main Font" />
		<ActionSequence>
			<Action Type="MenuCommand">
				<Command>Edit-Undo Last</Command>
			</Action>
		</ActionSequence>
	</PageObject>
	<PageObject Type="Button">
		<Location top="470" left="520" bottom="495" right="555" />
		<TabOrder>3</TabOrder>
		<LeaveOnEnter>false</LeaveOnEnter>
		<ButtonType>Bitmap</ButtonType>
		<BitmapFile LiteralFileName="true">"&lt;prj&gt;:bitmaps\construct.png"</BitmapFile>
		<Font GUID="00000000-0000-0000-0000-000000000001" Name="Main Font" />
		<ActionSequence>
			<Action Type="DataPageSpecific">
				<DoWhat>Reopen</DoWhat>
			</Action>
			<Action Type="ClosePage" />
		</ActionSequence>
	</PageObject>
	<PageObject Type="Button">
		<Location top="470" left="555" bottom="495" right="590" />
		<TabOrder>4</TabOrder>
		<LeaveOnEnter>false</LeaveOnEnter>
		<ButtonType>Bitmap</ButtonType>
		<BitmapFile LiteralFileName="true">"&lt;prj&gt;:bitmaps\totree.png"</BitmapFile>
		<Font GUID="00000000-0000-0000-0000-000000000001" Name="Main Font" />
		<ActionSequence>
			<Action Type="DataPageSpecific">
				<DoWhat>LocationInTree</DoWhat>
			</Action>
		</ActionSequence>
	</PageObject>
	<PageObject Type="Button">
		<Location top="505" left="520" bottom="530" right="555" />
		<TabOrder>5</TabOrder>
		<LeaveOnEnter>false</LeaveOnEnter>
		<ButtonType>Bitmap</ButtonType>
		<BitmapFile LiteralFileName="true">"&lt;prj&gt;:bitmaps\previous.png"</BitmapFile>
		<Font GUID="00000000-0000-0000-0000-000000000001" Name="Main Font" />
		<ActionSequence>
			<Action Type="DataPageSpecific">
				<DoWhat>GotoPreviousSymbol</DoWhat>
			</Action>
			<Action Type="ClosePage" />
		</ActionSequence>
	</PageObject>
	<PageObject Type="Button">
		<Location top="505" left="555" bottom="530" right="590" />
		<TabOrder>6</TabOrder>
		<LeaveOnEnter>false</LeaveOnEnter>
		<ButtonType>Bitmap</ButtonType>
		<BitmapFile LiteralFileName="true">"&lt;prj&gt;:bitmaps\next.png"</BitmapFile>
		<Font GUID="00000000-0000-0000-0000-000000000001" Name="Main Font" />
		<ActionSequence>
			<Action Type="DataPageSpecific">
				<DoWhat>GotoNextSymbol</DoWhat>
			</Action>
			<Action Type="ClosePage" />
		</ActionSequence>
	</PageObject>
	<PageObject Type="Floating Index">
		<Location top="10" left="10" bottom="35" right="110" />
		<TabOrder>7</TabOrder>
		<ObjectUUID>09E86135-72D5-4D0D-BF0B-71F35F52BABC</ObjectUUID>
		<Font GUID="00000000-0000-0000-0000-000000000001" Name="Main Font" />
		<Border Style="InShadow" Width="2" />
		<Circular>true</Circular>
		<ClickShowsList>true</ClickShowsList>
		<BackgroundColor RGB="#ffffff" />
		<Identifier>i</Identifier>
	</PageObject>
	<PageObject Type="Floating Index">
		<Location top="10" left="120" bottom="35" right="220" />
		<TabOrder>8</TabOrder>
		<ObjectUUID>AFB0D8AE-8C79-436C-9746-E187BF4DC171</ObjectUUID>
		<Font GUID="00000000-0000-0000-0000-000000000001" Name="Main Font" />
		<Border Style="InShadow" Width="2" />
		<Circular>true</Circular>
		<ClickShowsList>true</ClickShowsList>
		<BackgroundColor RGB="#ffffff" />
		<Identifier>j</Identifier>
	</PageObject>
	<PageObject Type="Floating Index">
		<Location top="10" left="230" bottom="35" right="330" />
		<TabOrder>9</TabOrder>
		<ObjectUUID>79E4492B-57B0-40EA-A79E-A4EF904770D0</ObjectUUID>
		<Font GUID="00000000-0000-0000-0000-000000000001" Name="Main Font" />
		<Border Style="InShadow" Width="2" />
		<Circular>true</Circular>
		<ClickShowsList>true</ClickShowsList>
		<BackgroundColor RGB="#ffffff" />
		<Identifier>l</Identifier>
	</PageObject>
	<PageObject Type="Floating Index">
		<Location top="10" left="340" bottom="35" right="440" />
		<TabOrder>10</TabOrder>
		<ObjectUUID>834F883E-4B11-4DDD-A495-E2166C95F035</ObjectUUID>
		<Font GUID="00000000-0000-0000-0000-000000000001" Name="Main Font" />
		<Border Style="InShadow" Width="2" />
		<Circular>true</Circular>
		<ClickShowsList>true</ClickShowsList>
		<BackgroundColor RGB="#ffffff" />
		<Identifier>p</Identifier>
	</PageObject>
	<PageObject Type="Floating Index">
		<Location top="45" left="10" bottom="70" right="110" />
		<TabOrder>11</TabOrder>
		<ObjectUUID>F23D5D89-1FB2-4284-8D16-60740CE3956F</ObjectUUID>
		<Font GUID="00000000-0000-0000-0000-000000000001" Name="Main Font" />
		<Border Style="InShadow" Width="2" />
		<Circular>true</Circular>
		<ClickShowsList>true</ClickShowsList>
		<BackgroundColor RGB="#ffffff" />
		<Identifier>t</Identifier>
	</PageObject>
	<PageObject Type="Scalar">
		<Location top="45" left="120" bottom="70" right="220" />
		<TabOrder>12</TabOrder>
		<PopupMenu Default="true" DefaultPopupId="200" />
		<Font GUID="00000000-0000-0000-0000-000000000001" Name="Main Font" />
		<Border Style="InShadow" Width="2" />
		<BackgroundColor RGB="#ffffff" />
		<Layout>Value</Layout>
		<SeparatorSign>=</SeparatorSign>
		<ExplicitIdentifier>
			<Identifier>Seq( '1', '1', '1', '1', '1' )</Identifier>
			<IndexLinkage>[09E86135-72D5-4D0D-BF0B-71F35F52BABC,AFB0D8AE-8C79-436C-9746-E187BF4DC171,79E4492B-57B0-40EA-A79E-A4EF904770D0,834F883E-4B11-4DDD-A495-E2166C95F035,F23D5D89-1FB2-4284-8D16-60740CE3956F]</IndexLinkage>
			<NumberFormat Width="4" Decimals="0" Scientific="IfTooSmallorLarge" ShowDefaults="true" />
		</ExplicitIdentifier>
	</PageObject>
	<PageObject Type="Composite Table">
		<Location top="80" left="10" bottom="530" right="510" />
		<TabOrder>13</TabOrder>
		<PopupMenu Default="true" DefaultPopupId="200" />
		<Font GUID="00000000-0000-0000-0000-000000000001" Name="Main Font" />
		<Border Style="InShadow" Width="2" />
		<BackgroundColor RGB="#ffffff" />
		<Domain>
			<Identifier>Seq( i, j, l, p, t )</Identifier>
			<IndexLinkage>[09E86135-72D5-4D0D-BF0B-71F35F52BABC,AFB0D8AE-8C79-436C-9746-E187BF4DC171,79E4492B-57B0-40EA-A79E-A4EF904770D0,834F883E-4B11-4DDD-A495-E2166C95F035,F23D5D89-1FB2-4284-8D16-60740CE3956F]</IndexLinkage>
			<Index Name="i" />
			<Index Name="j" />
			<Index Name="l" />
			<Index Name="p" />
			<Index Name="t" />
			<AllowRowAdd>true</AllowRowAdd>
			<AllowRowDelete>true</AllowRowDelete>
			<AllowRowModify>true</AllowRowModify>
		</Domain>
		<ExplicitIdentifier>
			<Identifier>Seq( i, j, l, p, t )</Identifier>
			<NumberFormat Width="4" Decimals="0" Alignment="Center" />
		</ExplicitIdentifier>
	</PageObject>
	<UsedReferences>
		<Model>
			<Symbol>Seq</Symbol>
			<Symbol>p</Symbol>
			<Symbol>i</Symbol>
			<Symbol>j</Symbol>
			<Symbol>l</Symbol>
			<Symbol>t</Symbol>
		</Model>
	</UsedReferences>
</Page>
