<?xml version="1.0"?>
<Page Version="4000" TimeStamp="2023-11-18 19:30:32">
	<Location top="30" left="30" bottom="540" right="600" />
	<PageEditSize Type="Inherited">
		<Size Width="600" Height="540" />
	</PageEditSize>
	<ProjectUUID>48F21F1F-E5E2-469D-BE4F-604D6946C1DF</ProjectUUID>
	<Title>"[Data Page] EN1"</Title>
	<ResizeData>
		<MainArea Line="FixedFromRight" Value="81">
			<LeftArea Line="FixedFromTop" Value="80" />
			<RightArea Line="FixedFromTop" Value="35">
				<BottomArea Line="FixedFromBottom" Value="106" />
			</RightArea>
		</MainArea>
	</ResizeData>
	<Background Inherited="true" />
	<PageObject Type="Button">
		<Location top="10" left="520" bottom="35" right="590" />
		<TabOrder>1</TabOrder>
		<LeaveOnEnter>false</LeaveOnEnter>
		<ButtonType>Text</ButtonType>
		<Title>"Close"</Title>
		<Font GUID="00000000-0000-0000-0000-000000000001" Name="Main Font" />
		<ActionSequence>
			<Action Type="ClosePage" />
		</ActionSequence>
	</PageObject>
	<PageObject Type="Button">
		<Location top="435" left="520" bottom="460" right="590" />
		<TabOrder>2</TabOrder>
		<LeaveOnEnter>false</LeaveOnEnter>
		<ButtonType>Text</ButtonType>
		<Title>"Undo"</Title>
		<Font GUID="00000000-0000-0000-0000-000000000001" Name="Main Font" />
		<ActionSequence>
			<Action Type="MenuCommand">
				<Command>Edit-Undo Last</Command>
			</Action>
		</ActionSequence>
	</PageObject>
	<PageObject Type="Button">
		<Location top="470" left="520" bottom="495" right="555" />
		<TabOrder>3</TabOrder>
		<LeaveOnEnter>false</LeaveOnEnter>
		<ButtonType>Bitmap</ButtonType>
		<BitmapFile LiteralFileName="true">"&lt;prj&gt;:bitmaps\construct.png"</BitmapFile>
		<Font GUID="00000000-0000-0000-0000-000000000001" Name="Main Font" />
		<ActionSequence>
			<Action Type="DataPageSpecific">
				<DoWhat>Reopen</DoWhat>
			</Action>
			<Action Type="ClosePage" />
		</ActionSequence>
	</PageObject>
	<PageObject Type="Button">
		<Location top="470" left="555" bottom="495" right="590" />
		<TabOrder>4</TabOrder>
		<LeaveOnEnter>false</LeaveOnEnter>
		<ButtonType>Bitmap</ButtonType>
		<BitmapFile LiteralFileName="true">"&lt;prj&gt;:bitmaps\totree.png"</BitmapFile>
		<Font GUID="00000000-0000-0000-0000-000000000001" Name="Main Font" />
		<ActionSequence>
			<Action Type="DataPageSpecific">
				<DoWhat>LocationInTree</DoWhat>
			</Action>
		</ActionSequence>
	</PageObject>
	<PageObject Type="Button">
		<Location top="505" left="520" bottom="530" right="555" />
		<TabOrder>5</TabOrder>
		<LeaveOnEnter>false</LeaveOnEnter>
		<ButtonType>Bitmap</ButtonType>
		<BitmapFile LiteralFileName="true">"&lt;prj&gt;:bitmaps\previous.png"</BitmapFile>
		<Font GUID="00000000-0000-0000-0000-000000000001" Name="Main Font" />
		<ActionSequence>
			<Action Type="DataPageSpecific">
				<DoWhat>GotoPreviousSymbol</DoWhat>
			</Action>
			<Action Type="ClosePage" />
		</ActionSequence>
	</PageObject>
	<PageObject Type="Button">
		<Location top="505" left="555" bottom="530" right="590" />
		<TabOrder>6</TabOrder>
		<LeaveOnEnter>false</LeaveOnEnter>
		<ButtonType>Bitmap</ButtonType>
		<BitmapFile LiteralFileName="true">"&lt;prj&gt;:bitmaps\next.png"</BitmapFile>
		<Font GUID="00000000-0000-0000-0000-000000000001" Name="Main Font" />
		<ActionSequence>
			<Action Type="DataPageSpecific">
				<DoWhat>GotoNextSymbol</DoWhat>
			</Action>
			<Action Type="ClosePage" />
		</ActionSequence>
	</PageObject>
	<PageObject Type="Floating Index">
		<Location top="10" left="10" bottom="35" right="110" />
		<TabOrder>7</TabOrder>
		<ObjectUUID>87074B9E-21A4-41D1-9B7B-69A9360700AD</ObjectUUID>
		<Font GUID="00000000-0000-0000-0000-000000000001" Name="Main Font" />
		<Border Style="InShadow" Width="2" />
		<Circular>true</Circular>
		<ClickShowsList>true</ClickShowsList>
		<BackgroundColor RGB="#ffffff" />
		<Identifier>i</Identifier>
	</PageObject>
	<PageObject Type="Floating Index">
		<Location top="10" left="120" bottom="35" right="220" />
		<TabOrder>8</TabOrder>
		<ObjectUUID>B6301134-2DC7-48FD-B5AA-C11F9D8F65B5</ObjectUUID>
		<Font GUID="00000000-0000-0000-0000-000000000001" Name="Main Font" />
		<Border Style="InShadow" Width="2" />
		<Circular>true</Circular>
		<ClickShowsList>true</ClickShowsList>
		<BackgroundColor RGB="#ffffff" />
		<Identifier>l</Identifier>
	</PageObject>
	<PageObject Type="Floating Index">
		<Location top="10" left="230" bottom="35" right="330" />
		<TabOrder>9</TabOrder>
		<ObjectUUID>7F64440C-4B45-4D83-8FED-01CCBD49AD98</ObjectUUID>
		<Font GUID="00000000-0000-0000-0000-000000000001" Name="Main Font" />
		<Border Style="InShadow" Width="2" />
		<Circular>true</Circular>
		<ClickShowsList>true</ClickShowsList>
		<BackgroundColor RGB="#ffffff" />
		<Identifier>p</Identifier>
	</PageObject>
	<PageObject Type="Floating Index">
		<Location top="10" left="340" bottom="35" right="440" />
		<TabOrder>10</TabOrder>
		<ObjectUUID>AB69D8EF-6697-4E41-8BE6-325F26D7CDCF</ObjectUUID>
		<Font GUID="00000000-0000-0000-0000-000000000001" Name="Main Font" />
		<Border Style="InShadow" Width="2" />
		<Circular>true</Circular>
		<ClickShowsList>true</ClickShowsList>
		<BackgroundColor RGB="#ffffff" />
		<Identifier>t</Identifier>
	</PageObject>
	<PageObject Type="Scalar">
		<Location top="45" left="10" bottom="70" right="110" />
		<TabOrder>11</TabOrder>
		<PopupMenu Default="true" DefaultPopupId="200" />
		<Font GUID="00000000-0000-0000-0000-000000000001" Name="Main Font" />
		<Border Style="InShadow" Width="2" />
		<BackgroundColor RGB="#ffffff" />
		<Layout>Value</Layout>
		<SeparatorSign>=</SeparatorSign>
		<ExplicitIdentifier>
			<Identifier>EN1( '88', '1', '1', '1' )</Identifier>
			<IndexLinkage>[87074B9E-21A4-41D1-9B7B-69A9360700AD,B6301134-2DC7-48FD-B5AA-C11F9D8F65B5,7F64440C-4B45-4D83-8FED-01CCBD49AD98,AB69D8EF-6697-4E41-8BE6-325F26D7CDCF]</IndexLinkage>
			<NumberFormat Width="7" Decimals="3" Scientific="IfTooSmallorLarge" ShowDefaults="true" />
		</ExplicitIdentifier>
	</PageObject>
	<PageObject Type="Composite Table">
		<Location top="80" left="10" bottom="530" right="510" />
		<TabOrder>12</TabOrder>
		<PopupMenu Default="true" DefaultPopupId="200" />
		<Font GUID="00000000-0000-0000-0000-000000000001" Name="Main Font" />
		<Border Style="InShadow" Width="2" />
		<BackgroundColor RGB="#ffffff" />
		<Domain>
			<Identifier>EN1( i, l, p, t )</Identifier>
			<IndexLinkage>[87074B9E-21A4-41D1-9B7B-69A9360700AD,B6301134-2DC7-48FD-B5AA-C11F9D8F65B5,7F64440C-4B45-4D83-8FED-01CCBD49AD98,AB69D8EF-6697-4E41-8BE6-325F26D7CDCF]</IndexLinkage>
			<Index Name="i" />
			<Index Name="l" />
			<Index Name="p" />
			<Index Name="t" />
			<AllowRowAdd>true</AllowRowAdd>
			<AllowRowDelete>true</AllowRowDelete>
			<AllowRowModify>true</AllowRowModify>
		</Domain>
		<ExplicitIdentifier>
			<Identifier>EN1( i, l, p, t )</Identifier>
			<NumberFormat Width="5" Decimals="0" Alignment="Center" />
		</ExplicitIdentifier>
	</PageObject>
	<UsedReferences>
		<Model>
			<Symbol>EN1</Symbol>
			<Symbol>p</Symbol>
			<Symbol>i</Symbol>
			<Symbol>l</Symbol>
			<Symbol>t</Symbol>
		</Model>
	</UsedReferences>
</Page>
