<?xml version="1.0"?>
<TemplateManager>
	<Page Name="All Data Pages" PageGUID="05C280F3-C4F6-463F-A8F4-B85F87929CC8" />
	<Page Name="[Data Page] OrdersofLine" PageGUID="FD4E57DB-9B42-48DE-9999-4446DD0ECC95" Marked="true" />
	<Page Name="[Data Page] EnddK" PageGUID="9C959F0B-5CA0-4255-B833-877183F9C77C" Marked="true" />
	<Page Name="Find KK Best solutions" PageGUID="F5525013-284B-48C7-B147-9FF902904633" Marked="true" />
	<Page Name="[Data Page] P_ENK" PageGUID="DD72E188-465F-4C83-8B74-8C02260BA583" Marked="true" />
	<Page Name="[Data Page] P_STK" PageGUID="747207C1-7E3C-41D7-BDEA-2618C58EA5B3" Marked="true" />
	<Page Name="[Data Page] P_Beg" PageGUID="A235229D-5A56-4BE6-89A4-ACB30DC0FA6D" Marked="true" />
	<Page Name="[Data Page] P_BegK" PageGUID="64517F1A-398D-4AA7-A368-E11151DF48DC" Marked="true" />
	<Page Name="[Data Page] SeqK" PageGUID="72974320-29CE-4EA7-85B5-9B92295A0139" Marked="true" />
	<Page Name="[Data Page] Beg" PageGUID="97FF1211-C890-4FCD-9E73-6E061C2D660B" Marked="true" />
	<Page Name="[Data Page] Endd" PageGUID="D94861F4-4E4C-4463-9D6F-F4631D769C5C" />
	<Page Name="[Data Page] BegL" PageGUID="0C9DACA9-54A6-4827-AD08-DD54F1FB9B8A" Marked="true" />
	<Page Name="[Data Page] EnddL" PageGUID="247221E7-3D9B-42DB-B661-0C760BA9C2EC" Marked="true" />
	<Page Name="[Data Page] OW" PageGUID="55ECDE96-ADF3-4BEA-8DB2-CF86A1C54E2E" Marked="true" />
	<Page Name="[Data Page] Alc" PageGUID="DCB9B9B8-20C9-4988-A3FE-1D662D8D1C8C" Marked="true" />
	<Page Name="[Data Page] BegK" PageGUID="41D0220B-4770-48DC-8D20-1AF55AC339AE" Marked="true" />
	<Page Name="[Data Page] AllowBreakInTheSequence" PageGUID="59A2029B-D0FD-4480-8032-7E8368D98488" />
	<Page Name="[Data Page] WeeklyAlcOT" PageGUID="1FD7A107-08CC-4C86-B9E9-7933075C9AF2" Marked="true" />
	<Page Name="[Data Page] AlcK" PageGUID="06DD439F-725C-43E7-AC5E-5FFE3164B5B9" Marked="true" />
	<Page Name="[Data Page] WeeklyShiftDuration" PageGUID="A1F57C3B-92E4-497C-A9F5-C7F3DA5B4C3C" Marked="true" />
	<Page Name="[Data Page] AllowableReassignments" PageGUID="AD06D8A7-42E7-439E-BD53-BF6413C522DC" Marked="true" />
	<Page Name="[Data Page] SeqL" PageGUID="CA129F72-D4AD-49A4-84A8-FE977A715735" Marked="true" />
	<Page Name="[Data Page] ENK" PageGUID="5CD58F04-EFD2-4021-A99F-D8E9748F3F3E" Marked="true" />
	<Page Name="[Data Page] BegK1" PageGUID="9E926F25-52BC-417B-8F47-5E2D23BE8B30" />
	<Page Name="[Data Page] Alc1" PageGUID="1ED260D7-F76D-4372-B6A0-D0B2CAD18914" />
	<Page Name="[Data Page] Endd1" PageGUID="C0254FF5-2AEC-4CBE-8F36-5EC74CD7FF68" />
	<Page Name="[Data Page] Beg1" PageGUID="1F5E8DB6-5076-4284-8951-F97E6289F185" />
	<Page Name="[Data Page] StaffAllocationK111" PageGUID="1A608D4D-4D4C-4F98-8DF3-22A4D2FDC918" />
	<Page Name="[Data Page] AlcK1" PageGUID="BC13BE0D-A8E3-44D5-A967-E44ED3E23FFD" />
	<Page Name="[Data Page] SeqK1" PageGUID="C76CA822-34A3-4F91-AE88-1EFB6F3D077B" />
	<Page Name="[Data Page] EN1" PageGUID="BA58C37C-E815-42EC-B088-935A8B245A46" />
	<Page Name="[Data Page] ST1" PageGUID="0F51A253-B2CD-46BE-8AFF-B91D72046BAB" />
	<Page Name="[Data Page] ENK1" PageGUID="8A33E47F-280D-4BEB-A883-44F9A32A5A58" />
	<Page Name="[Data Page] EnddK1" PageGUID="830D9C54-291C-4FA6-AB80-34310DDD20AD" />
	<Page Name="[Data Page] AllowBreakInTheProduction" PageGUID="2BE0FF3E-F153-47C4-B2B7-67289F2327E6" />
	<Page Name="[Data Page] ST" PageGUID="A54DAADC-1EA8-42F9-9DC9-734D6D6E65D2" />
	<Page Name="[Data Page] EN" PageGUID="3F41637B-01AD-4D22-BB5D-AF328041AABF" />
	<Page Name="[Data Page] STK" PageGUID="24CF7567-B531-4E3F-AD6B-800CBCA9EA6E" />
	<Page Name="[Data Page] CrewUtilizationLevel" PageGUID="C4C7A056-747B-4516-9F59-4D9E40F98929" />
	<Page Name="[Data Page] PositionsofLine" PageGUID="9F115B93-B14B-4BB7-926F-2C95B7B48ED0" />
	<Page Name="[Data Page] Seq" PageGUID="4D8171B7-71AA-40BB-8F3A-3E96BC954421" />
</TemplateManager>
